1,'CS',101,'Living with Computers'
2,'CS',135,'Select Top in Comp Science'
3,'CS',144,'Intro to Computer Science'
4,'CS',145,'Intro to Object-Oriented Prog'
5,'CS',235,'Select Top in Comp Science'
6,'CS',245,'Adv Computer Programming'
7,'CS',325,'Comp Hardware Inst & Main'
8,'CS',326,'Comp Software Installation'
9,'CS',341,'Mach Arch & Assem Lang Prog'
10,'CS',418,'Multimedia Programming'
11,'CS',450,'Programming Seminar 2'
12,'CS',451,'Software Engineering'
13,'CS',456,'Internet Services'
14,'CS',457,'Computer Networks'
15,'CS',461,'Programming Languages'
16,'CS',482,'Senior Project Implementation'
17,'CS',490,'Independent Study'
18,'CS',515,'Java Programming'
19,'CS',516,'Adv Comp Prg Data Structure'
20,'CS',518,'Multimedia Programming'
21,'CS',535,'ST:  Computer Science'
22,'CS',551,'Software Engineering'
23,'CS',557,'Computer Networks'
24,'CS',561,'Programming Languages'
25,'CS',590,'Independent Study'
26,'CS',592,'Independent Research'
27,'CS',600,'Prin Media Arts & Comp Sci'
28,'CS',620,'Multimedia Project Development'
29,'CS',697,'Field Project'
30,'CS',699,'Thesis'
31,'CS',327,'Hands on UNIX'
32,'CS',328,'C and Unix'
33,'CS',335,'Select Top in Comp Science'
34,'CS',345,'Data & File Structures'
35,'CS',350,'Programming Seminar 1'
36,'CS',380,'Computer Modeling & Simulation'
37,'CS',421,'Adv Data Struct & Alg Dev'
38,'CS',443,'Operating Systems'
39,'CS',481,'Senior Project Design'
40,'CS',521,'Adv Data Struct & Algorith Dev'
41,'CS',527,'UNIX & Systems Administration'
42,'CS',528,'C and Unix'
43,'CS',543,'Operating Systems'
44,'CS',610,'Synthesis of Media Arts & CS'
45,'CS',314,'The "C++" Prog Language'
46,'CS',431,'Database Management'
47,'CS',459,'Network Security'
48,'CS',472,'Cognitive Science'
49,'CS',474,'Machine Learning Algorithms'
50,'CS',514,'The C++ Programming Language'
51,'CS',531,'Database Management'
52,'CS',559,'Network Security'
53,'CS',572,'Cognitive Science'
54,'CS',574,'Machine Learning Algorithms'
55,'CS',483,'Senior Project Presentation'
56,'CS',463,'Web Programming'
57,'CS',563,'Web Programming'
58,'CS',512,'Scripting Languages'
59,'CS',473,'Artificial Neural Networks'
60,'CS',573,'Artificial Neural Networks'
61,'CS',435,'Select Top in Comp Science'
62,'CS',690,'Independent Study'
63,'CS',464,'Network Programming'
64,'CS',564,'Network Programming'
65,'CS',351,'Systems Design & Analysis'
66,'CS',635,'ST:'
67,'CS',324,'UNIX Operating System'
68,'CS',436,'Human-Computer Interaction'
69,'CS',536,'Human-Computer Interaction'
70,'CS',575,'Image Processing'
71,'CS',576,'Animation and Visualization'
72,'CS',493,'Directed Study'
73,'CS',455,'Intro to Computer Graphics'
74,'CS',555,'Computer Graphics'
75,'CS',477,'Parallel & Distributed Program'
76,'CS',577,'Parallel & Distributed Program'
77,'CS',693,'Directed Study'
78,'CS',193,'Directed Study'