1,200610,'Fall Semester 2005'
2,200620,'Spring Semester 2006'
3,200630,'Summer Semester 2006'
4,200710,'Fall Semester 2006'
5,200720,'Spring Semester 2007'
6,200730,'Summer Semester 2007'
7,200810,'Fall Semester 2007'
8,200820,'Spring Semester 2008'
9,200830,'Summer Semester 2008'
10,200910,'Fall Semester 2008'
11,200920,'Spring Semester 2009'
12,200930,'Summer Semester 2009'
13,201010,'Fall Semester 2009'
14,201020,'Spring Semester 2010'
15,201030,'Summer Semester 2010'
16,201110,'Fall Semester 2010'
17,201120,'Spring Semester 2011'
18,201130,'Summer Semester 2011'
19,201210,'Fall Semester 2011'
20,201220,'Spring Semester 2012'
21,201230,'Summer Semester 2012'
22,201310,'Fall Semester 2012'
23,201320,'Spring Semester 2013'
24,201330,'Summer Semester 2013'
25,201410,'Fall Semester 2013'
26,201420,'Spring Semester 2014'
27,201430,'Summer Semester 2014'
28,201510,'Fall Semester 2014'
29,201520,'Spring Semester 2015'
30,201610,'Fall Semester 2015'